<?xml version="1.0" encoding="UTF-8" standalone="yes"?>
<addon id="script.module.remote-pdb"
       name="remote-pdb"
       version="1.2.0c"
       provider-name="Ionel Cristian Mărieș, Roman V.M.">
  <requires>
    <import addon="xbmc.python" version="2.19.0"/>
  </requires>
  <extension point="xbmc.python.module" library="libs" />
  <extension point="xbmc.addon.metadata">
    <summary>Remote telnet interface for Python PDB debugger</summary>
    <description>Allows using Python built-in PDB debugger via telnet connection to debug addons.</description>
    <platform>all</platform>
    <license>BSD</license>
    <source>https://github.com/romanvm/kodi.remote-pdb</source>
    <website>https://docs.python.org/2/library/pdb.html</website>
  </extension>
</addon>
