<?xml version="1.0" encoding="UTF-8"?>
<addon id="script.module.simpleplugin"
   name="SimplePlugin"
   version="1.3.0"
   provider-name="Roman V.M.">
  <requires>
    <import addon="xbmc.python" version="2.14.0"/>
  </requires>
  <extension point="xbmc.python.module" library="libs" />
  <extension point="xbmc.addon.metadata">
    <platform>all</platform>
    <summary lang="en">SimplePlugin micro-framework</summary>
    <description lang="en">SimplePlugin micro-framework simplifies Kodi content plugin programming.</description>
    <disclaimer lang="en"></disclaimer>
    <language></language>
    <license>GNU GPL v.3</license>
    <forum></forum>
    <website></website>
    <email>romanvm@yandex.ua</email>
    <source></source>
  </extension>
</addon>
