﻿<?xml version="1.0" encoding="UTF-8" standalone="yes"?>
<addon id="script.service.playtime"
   name="Playtime label"
   version="0.0.6"
   provider-name="Roman_V_M">
  <requires>
    <import addon="xbmc.python" version="2.1.0"/>    
  </requires>
  <extension point="xbmc.service"
    library="default.py" start="[login|startup]">
  </extension>
  <extension point="xbmc.addon.metadata">
    <platform>all</platform>
    <summary lang="en">Playtime/Battery label</summary>
    <description lang="en">Shows play times and battery level on fullscreen video.</description>
  </extension>
</addon>
