﻿<?xml version="1.0" encoding="UTF-8" standalone="yes"?>
<addon id="script.module.pymongo"
   name="PyMongo"
   version="3.4.0"
   provider-name="Bernie Hackett">
  <requires>
    <import addon="xbmc.python" version="2.20.0" />
  </requires>
  <extension point="xbmc.python.module" library="lib" />
  <extension point="xbmc.addon.metadata">
    <platform>all</platform>
    <summary lang="en_GB">Python driver for MongoDB</summary>
    <description lang="en_GB">The PyMongo distribution contains tools for interacting with MongoDB database from Python.</description>
    <license>Apache</license>
    <website>https://www.mongodb.com</website>
    <source>https://github.com/mongodb/mongo-python-driver</source>
  </extension>  
</addon>
