<?xml version="1.0" encoding="UTF-8"?>
<addon id="service.subtitles.addic7ed"
  name="Addic7ed.com"
  version="2.2.0"
  provider-name="Roman V.M.">
<requires>
  <import addon="xbmc.python" version="2.25.0"/>
  <import addon="script.module.beautifulsoup4"/>
  <import addon="script.module.html5lib"/>
  <import addon="script.module.requests"/>
  <!-- <import addon="script.module.web-pdb" /> -->
</requires>
<extension point="xbmc.subtitle.module" library="main.py" />
<extension point="xbmc.addon.metadata">
  <summary lang="en_GB">Addic7ed.com Subtitles</summary>
  <summary lang="ru_RU">Субтитры Addic7ed.com</summary>
  <summary lang="uk_UA">Субтитри Addic7ed.com</summary>
  <description lang="en_GB">Subtitles service for Addic7ed.com. It supports only TV shows.</description>
  <description lang="ru_RU">Служба субтитров для сайта Addic7ed.com. Служба поддерживает только сериалы.</description>
  <description lang="uk_UA">Служба субтитрів для сайту Addic7ed.com. Служба підтримує лише серіали.</description>
  <disclaimer lang="en_GB">All rights to Addic7ed.com logo belong to the site owners.</disclaimer>
  <platform>all</platform>
  <assets>
    <icon>icon.png</icon>
    <fanart>fanart.jpg</fanart>
  </assets>
  <news>v.2.2.0:
- Addic7ed.com login support. Check addon settings.
- New addon icon and fanart (thanks to Jean-Pierre).</news>
  <reuselanguageinvoker>false</reuselanguageinvoker>
</extension>
</addon>
